Source,Sector,Property No,Room No,Type,Rent,Availability,Notes,PublicRef,ListingIntent,WebsiteStatus,PhotoFolder,WebsiteDescription,SourceInventoryRef,VerificationStatus,InternalNotes,ListingStatusDate,,MediaFolderLink
S2L,Sec 57,2162,301,1BHK,35K,31-May-26,,MRH-1001,Rent,Hidden,MRH-1001,1BHK in Sec 57,S2L-2162-301,Pending,,,,https://drive.google.com/drive/folders/1jisCoWfL01V-DSQDC_kQu7B2nPGANqUc
S2L,Sec 52,560A,5,1RK,21K,31-May-26,,MRH-1002,Rent,Hidden,MRH-1002,1RK in Sec 52,S2L-560A-5,Pending,,,,https://drive.google.com/drive/folders/1kAHYnaE2JeKOCV0cR1hScMiWnAIsoRAK
S2L,South City 2,E34,109,1RK,23K,31-May-26,,MRH-1003,Rent,Hidden,MRH-1003,1RK in South City 2,S2L-E34-109,Pending,,,,https://drive.google.com/drive/folders/1sOBSU6QCsJHfbHucmdU1T3SHPs4-HXUl
S2L,South City 2,E34,302,1RK,23K,31-May-26,,MRH-1004,Rent,Hidden,MRH-1004,1RK in South City 2,S2L-E34-302,Pending,,,,https://drive.google.com/drive/folders/15HrwZdVOtIbjUkXvjoR7HmxWhzgeR7Qf
S2L,Sec 27,552,205,1RK,28K,31-May-26,,MRH-1005,Rent,Hidden,MRH-1005,1RK in Sec 27,S2L-552-205,Pending,,,,https://drive.google.com/drive/folders/1_keOlL6bSqqP4bY8j9JRrwWNhFq5mPrS
S2L,Sec 52,579,102,2BHK,47K,31-May-26,,MRH-1006,Rent,Hidden,MRH-1006,2BHK in Sec 52,S2L-579-102,Pending,,,,https://drive.google.com/drive/folders/1iMwCrNbVUEhp4MB7GX9IubXfg4GQw9yv
S2L,Sec 52,E12,101,2BHK,48K,31-May-26,,MRH-1007,Rent,Hidden,MRH-1007,2BHK in Sec 52,S2L-E12-101,Pending,,,,https://drive.google.com/drive/folders/1_u-_xmzgNACLL0ktH4um6-wbBvE859MF
S2L,Sec 52,B131,GF1,2BHK,47K,19-Jun-26,,MRH-1008,Rent,Hidden,MRH-1008,2BHK in Sec 52,S2L-B131-GF1,Pending,,,,https://drive.google.com/drive/folders/1eCDWvytbzq5Zi4NFHmA9M3oUB2NSegp2
S2L,Sec 52,B128,SF2,2BHK,47K,31-May-26,,MRH-1009,Rent,Hidden,MRH-1009,2BHK in Sec 52,S2L-B128-SF2,Pending,,,,https://drive.google.com/drive/folders/1JhmMPFm2-y1SKza_4N_yr4J4akn32Kl-
S2L,Sec 41,M233,501,1RK,18K,23-May-26,,MRH-1010,Rent,Hidden,MRH-1010,1RK in Sec 41,S2L-M233-501,Pending,,,,https://drive.google.com/drive/folders/1mZN4PJJIxUFeADEqMS1ccoN-OXoP6Srj
S2L,Sec 52,1766,18,1BHK,30K,31-May-26,,MRH-1011,Rent,Hidden,MRH-1011,1BHK in Sec 52,S2L-1766-18,Pending,,,,https://drive.google.com/drive/folders/1kSAP6VpKLLD20tvfOEZRo9Yrbrje326P?usp=drive_link
S2L,Sec 40,Q71,405,1BHK,35K,31-May-26,,MRH-1012,Rent,Hidden,MRH-1012,1BHK in Sec 40,S2L-Q71-405,Pending,,,,https://drive.google.com/drive/folders/1hZZtDU_-3gpSYwecAUwLOI-ollihnXMe
S2L,Sec 38,175,5,3BHK,62K,31-May-26,,MRH-1013,Rent,Hidden,MRH-1013,3BHK in Sec 38,S2L-175-5,Pending,,,,https://drive.google.com/drive/folders/1umOlUQGdu7rBNBvR1mNSbxkURQRwC4H1
S2L,Sec 52,C18,FFB,2BHK,48K,31-May-26,,MRH-1014,Rent,Hidden,MRH-1014,2BHK in Sec 52,S2L-C18-FFB,Pending,,,,https://drive.google.com/drive/folders/16YMVpOGFqRIssYR3DI44mMZbnsAgviKz
S2L,Sec 69,Avenue-69,302,2BHK,36K,05-Jun-26,,MRH-1015,Rent,Hidden,MRH-1015,2BHK in Sec 69,S2L-Avenue-69-302,Pending,,,,https://drive.google.com/drive/folders/1hzFZ3UlBJm10IZJ1th4uYHPz77qz94YU
S2L,Sec 69,Avenue-69,502,1RK,18K,31-May-26,,MRH-1016,Rent,Hidden,MRH-1016,1RK in Sec 69,S2L-Avenue-69-502,Pending,,,,https://drive.google.com/drive/folders/1Iq6u1RlXDj5wmPwJSEA5DrjBl-hLK8iU
S2L,Sec-53,248,4,1RK,16K,31-May-26,,MRH-1017,Rent,Hidden,MRH-1017,1RK in Sec-53,S2L-248-4,Pending,,,,https://drive.google.com/drive/folders/19NiZ0PxmeUyDyT_HhuNXTGP1rqrf_WTM
S2L,Saraswati Kunj,491,102,1 BHK,32K,01-Jun-26,,MRH-1018,,Hidden,MRH-1018,1 BHK in Saraswati Kunj,S2L-491-102,Pending,,,,https://drive.google.com/drive/folders/1pOjzFexaI5IiBiTFksQaA2uyEJaaRXmn
S2L,Saraswati Kunj,491,202,1 BHK,32K,31-May-26,,MRH-1019,,Hidden,MRH-1019,1 BHK in Saraswati Kunj,S2L-491-202,Pending,,,,https://drive.google.com/drive/folders/1IJeJjA6YNJmoIbFEvSLIV2xWYTI4kidI
S2L,Sec-28,3101,103,1RK,17K,31-May-26,,MRH-1020,Rent,Hidden,MRH-1020,1RK in Sec-28,S2L-3101-103,Pending,,,,https://drive.google.com/drive/folders/1k55SExB4zyRGE3rVo7UXhlpfyq7JU5CY
S2L,Sec-28,3101,302,1RK,18K,09-Jun-26,,MRH-1021,Rent,Hidden,MRH-1021,1RK in Sec-28,S2L-3101-302,Pending,,,,https://drive.google.com/drive/folders/1It3Aq4nYQKRBbpPJo4VZEzLWy66zfbQn
S2L,Sec-52,1597,214,1RK,17K,31-May-26,,MRH-1022,Rent,Hidden,MRH-1022,1RK in Sec-52,S2L-1597-214,Pending,,,,https://drive.google.com/drive/folders/1EEAeK591k1ztI0DFtO0zXK7UlCzaU1Nr
S2L,Sec-52,1597,302,1RK,16K,30-Jun-26,,MRH-1023,Rent,Hidden,MRH-1023,1RK in Sec-52,S2L-1597-302,Pending,,,,https://drive.google.com/drive/folders/1toYVYDKaJIO62aO7VNSYA4nbZsrc7Qph
S2L,Sec-52,1597,315,1RK,17K,31-May-26,,MRH-1024,Rent,Hidden,MRH-1024,1RK in Sec-52,S2L-1597-315,Pending,,,,https://drive.google.com/drive/folders/1CmqeO7bb1p4_3nT3aLsaMgZkUbeV046I
S2L,Sec-43,1373,B1,1RK,12K,31-May-26,,MRH-1025,Rent,Hidden,MRH-1025,1RK in Sec-43,S2L-1373-B1,Pending,,,,https://drive.google.com/drive/folders/1ZkQdOHd8X5rcYJaCf5rOL9BiZi8QyD5T
S2L,Sec-43,1373,B3,1RK,12K,31-May-26,,MRH-1026,Rent,Hidden,MRH-1026,1RK in Sec-43,S2L-1373-B3,Pending,,,,https://drive.google.com/drive/folders/1wmOX_XooBRSTmIG0aWUJPdamW_8PY1xG
S2L,Sec-43,1373,1,1RK,13K,31-May-26,,MRH-1027,Rent,Hidden,MRH-1027,1RK in Sec-43,S2L-1373-1,Pending,,,,https://drive.google.com/drive/folders/1Zqxd2nKburvSie2ohPJseSO5pL5HYBd-
S2L,Sec-57,712,501,1BHK,30K,31-May-26,,MRH-1028,Rent,Hidden,MRH-1028,1BHK in Sec-57,S2L-712-501,Pending,,,,https://drive.google.com/drive/folders/1x4brQFHy8wmky3wLTb5KlPDIxaz1y6Ja
S2L,South City 2,E33,303,1RK,22K,31-May-26,,MRH-1029,Rent,Hidden,MRH-1029,1RK in South City 2,S2L-E33-303,Pending,,,,https://drive.google.com/drive/folders/163bHFQHgrzxoXz4U5c3NnHmOjvc7igYi
S2L,Wazeerabad,27,204,1RK,18K,31-May-26,,MRH-1030,Rent,Hidden,MRH-1030,1RK in Wazeerabad,S2L-27-204,Pending,,,,https://drive.google.com/drive/folders/1w7r34twZs5tHd46ocnOy07XaCS51oKIN
S2L,Wazeerabad,27,303,1RK,17K,15-Jun-26,,MRH-1031,Rent,Hidden,MRH-1031,1RK in Wazeerabad,S2L-27-303,Pending,,,,https://drive.google.com/drive/folders/1KvxKFb6rlaGql6YpErYKXXaWhwtvf48d
S2L,S. City 2,E32,103,1BHK,35K,31-May-26,,MRH-1032,Rent,Live,MRH-1032,1BHK in S. City 2,S2L-E32-103,Pending,,,,https://drive.google.com/drive/folders/187dt2B_1Pa5EiDuuFo66U8z_zVj02U14
S2L,S.City 2,E32,201,1BHK,36K,31-May-26,,MRH-1033,Rent,Hidden,MRH-1033,1BHK in S.City 2,S2L-E32-201,Pending,,,,https://drive.google.com/drive/folders/1J-ntFHRN-SeRXse6cuNR9LijEo_9q2Ji
S2L,S. City 2,E32,205,1BHK,35K,18-Jun-26,,MRH-1034,Rent,Hidden,MRH-1034,1BHK in S. City 2,S2L-E32-205,Pending,,,,https://drive.google.com/drive/folders/1o6Qc_KY0Hs4MEB6GfwUXTktUqUAb7npZ
S2L,S. City 2,E32,401,1BHK,36K,01-Jun-26,,MRH-1035,Rent,Hidden,MRH-1035,1BHK in S. City 2,S2L-E32-401,Pending,,,,https://drive.google.com/drive/folders/1ksK5oq_ZH6c6ZnsdAkdXNUp7ZkJmQtWW
S2L,Sec 52,C65,204,1BHK,40K,31-May-26,,MRH-1036,Rent,Hidden,MRH-1036,1BHK in Sec 52,S2L-C65-204,Pending,,,,https://drive.google.com/drive/folders/1fpiYWDtm5MWhvGK_KihBYF21Dhxbrc4C
S2L,Sec 52,C65,402,1BHK,40K,08-Jun-26,,MRH-1037,Rent,Hidden,MRH-1037,1BHK in Sec 52,S2L-C65-402,Pending,,,,https://drive.google.com/drive/folders/1gAJJ086sHrkayzOomRZCKV8Lq8qvR-J5
S2L,Sec 52,C64,203,1BHK,40K,31-May-26,,MRH-1038,Rent,Hidden,MRH-1038,1BHK in Sec 52,S2L-C64-203,Pending,,,,https://drive.google.com/drive/folders/1l6uosmEDeZDZn3tt6Lo8dJMnLRByYr4g
S2L,Sec 52,C64,401,1BHK,40K,30-Jun-26,,MRH-1039,Rent,Hidden,MRH-1039,1BHK in Sec 52,S2L-C64-401,Pending,,,,https://drive.google.com/drive/folders/1OVrPsYgQXTdDkD9OepGtmHW0_AFeMEzY
S2L,Sec 28,55,204,1RK,28K,15-Jun-26,,MRH-1040,Rent,Hidden,MRH-1040,1RK in Sec 28,S2L-55-204,Pending,,,,https://drive.google.com/drive/folders/1mq4UY26kcpqj4zzFymZYfjdOnCF22ifI
S2L,Sec 52,527,302,1BHK,30K,31-May-26,,MRH-1041,Rent,Live,MRH-1041,1BHK in Sec 52,S2L-527-302,Pending,,,,https://drive.google.com/drive/folders/1RtrzkZ94vm8XaVtytZnnA51zfc15EQAt?usp=drive_link
S2L,Sec 46,1419,101,1BHK,40K,31-May-26,,MRH-1042,Rent,Hidden,MRH-1042,1BHK in Sec 46,S2L-1419-101,Pending,,,,https://drive.google.com/drive/folders/1W4FvaJW93fF09mkDEmb9T57v0F6C3cBy
S2L,Sec 52,1804,102,1BHK,32K,31-May-26,,MRH-1043,Rent,Hidden,MRH-1043,1BHK in Sec 52,S2L-1804-102,Pending,,,,https://drive.google.com/drive/folders/18n514l0z2GTjbnojVYX6ofhz_JX2Psy2
S2L,Sec 52,1804,401,1BHK,30K,31-May-26,,MRH-1044,Rent,Hidden,MRH-1044,1BHK in Sec 52,S2L-1804-401,Pending,,,,https://drive.google.com/drive/folders/18n514l0z2GTjbnojVYX6ofhz_JX2Psy2
S2L,Sec 52,1804,402,1BHK,32K,31-May-26,,MRH-1045,Rent,Hidden,MRH-1045,1BHK in Sec 52,S2L-1804-402,Pending,,,,https://drive.google.com/drive/folders/18n514l0z2GTjbnojVYX6ofhz_JX2Psy2
S2L-Part2,Sec 52,1787,1,Preoccupied,17K,Immediately,,MRH-1046,,Hidden,MRH-1046,Preoccupied in Sec 52,S2L-Part2-1787-1,Pending,,,,https://drive.google.com/drive/folders/1aTBn0VE8BAZt0wyMbPj1RfP61Yubsa3A
S2L-Part2,Sec 52,1787,4,Preoccupied,21K,Immediately,,MRH-1047,,Hidden,MRH-1047,Preoccupied in Sec 52,S2L-Part2-1787-4,Pending,,,,https://drive.google.com/drive/folders/11v1DbD1LhZjYNE15lXosD0Ju8nZo7Ign
S2L-Part2,Sec 52,1787,203,Preoccupied,21K,Immediately,,MRH-1048,,Hidden,MRH-1048,Preoccupied in Sec 52,S2L-Part2-1787-203,Pending,,,,https://drive.google.com/drive/folders/17NpIZNeqRE98I93guna5z5oL_freB7kN
S2L-Part2,Sec 27,552,208,1RK,28K,Immediately,,MRH-1049,Rent,Hidden,MRH-1049,1RK in Sec 27,S2L-Part2-552-208,Pending,,,,https://drive.google.com/drive/folders/1PPSuqJV-R2c7-1RrYNkjpIOr2ln-owWs
S2L-Part2,Sec 41,M233,301,2BHK,42K,Immediately,,MRH-1050,Rent,Hidden,MRH-1050,2BHK in Sec 41,S2L-Part2-M233-301,Pending,,,,https://drive.google.com/drive/folders/1fd3nQP3caPuNe65dqJ5HcYLcHME3Gx3s
S2L-Part2,Sec 43,1366,401,2BHK,42K,Immediately,,MRH-1051,Rent,Hidden,MRH-1051,2BHK in Sec 43,S2L-Part2-1366-401,Pending,,,,https://drive.google.com/drive/folders/1WqfSIOlXsC1tbvmDw96J8dZCm9Jys0tM
S2L-Part2,Phase 3,S27,2,1BHK,26K,Immediately,,MRH-1052,Rent,Hidden,MRH-1052,1BHK in Phase 3,S2L-Part2-S27-2,Pending,,,,https://drive.google.com/drive/folders/1gbp_O46zazJu1icdm4u6l6KpURvdKuKF
S2L-Part2,Phase 3,S27,102,1BHK,28K,Immediately,,MRH-1053,Rent,Hidden,MRH-1053,1BHK in Phase 3,S2L-Part2-S27-102,Pending,,,,https://drive.google.com/drive/folders/1Oie2D1bBXrvay64AaNzfvNAHdIA5s4vu
S2L-Part2,Phase 3,S27,201,1BHK,28K,Immediately,,MRH-1054,Rent,Hidden,MRH-1054,1BHK in Phase 3,S2L-Part2-S27-201,Pending,,,,https://drive.google.com/drive/folders/19KCN60zbxTg75SwhRA1OqoEL3BL48W1d
S2L-Part2,Sec 40,Q71,104,1BHK,37K,Immediately,,MRH-1055,Rent,Hidden,MRH-1055,1BHK in Sec 40,S2L-Part2-Q71-104,Pending,,,,https://drive.google.com/drive/folders/11O1DGqYtxoRJ2j0xItT_qJwvROJ5kJyq
S2L-Part2,Sec 40,Q71,304,1BHK,37K,Immediately,,MRH-1056,Rent,Hidden,MRH-1056,1BHK in Sec 40,S2L-Part2-Q71-304,Pending,,,,https://drive.google.com/drive/folders/1eS7WhFcLxhqfW1QvZvjhKiQ4MoLlXOiu
S2L-Part2,Sec 40,Q71,402,1BHK,40K,Immediately,,MRH-1057,Rent,Hidden,MRH-1057,1BHK in Sec 40,S2L-Part2-Q71-402,Pending,,,,https://drive.google.com/drive/folders/1KXNDfhZ5nfB_pjbMaWwvfEmX0vGfbXqd
S2L-Part2,Sec 40,132,403,1BHK,28K,Immediately,,MRH-1058,Rent,Hidden,MRH-1058,1BHK in Sec 40,S2L-Part2-132-403,Pending,,,,https://drive.google.com/drive/folders/1oXFCSJ5QToQAOAxeeCew1eIQvN9bk0XG
S2L-Part2,Sec 38,175,8,2BHK,52K,Immediately,,MRH-1059,Rent,Hidden,MRH-1059,2BHK in Sec 38,S2L-Part2-175-8,Pending,,,,https://drive.google.com/drive/folders/1Yo54eHQQLxUoHG577W6-lbEIyGcrArxs
S2L-Part2,Sec 45,1570,102,1BHK,35K,Immediately,,MRH-1060,Rent,Hidden,MRH-1060,1BHK in Sec 45,S2L-Part2-1570-102,Pending,,,,https://drive.google.com/drive/folders/15tp0KEoe0p6iRqu0qBNy4ANPbet7bK_l
S2L-Part2,Sec 51,N70,204,1RK,35K,Immediately,,MRH-1061,Rent,Hidden,MRH-1061,1RK in Sec 51,S2L-Part2-N70-204,Pending,,,,https://drive.google.com/drive/folders/1f8y95xrvdQkgsQvQ9teD63NncYbT-nYQ
S2L-Part2,South City 2,E33,104,1RK,22K,Immediately,,MRH-1062,Rent,Hidden,MRH-1062,1RK in South City 2,S2L-Part2-E33-104,Pending,,,,https://drive.google.com/drive/folders/1GSt-iKrQrlmN6Z3JlqttHB6KPRA1ctao
S2L-Part2,South City 2,E33,304,1RK,22K,Immediately,,MRH-1063,Rent,Hidden,MRH-1063,1RK in South City 2,S2L-Part2-E33-304,Pending,,,,https://drive.google.com/drive/folders/1LrFrm7GIoMS8GfcMa1qJhfJRWRlvVd4j
FnF,Sec 15,810,103,2BHK,55K,Immediately,Rent Ok,MRH-1064,Rent,Hidden,MRH-1064,2BHK in Sec 15,FnF-810-103,Pending,,,,https://drive.google.com/drive/folders/1dGRfcKNA_ZA2GTOGIWY40sWWF9K0Wt0g
FnF,Sec 38,874,301,1BHK,35K,Immediately,Rent Ok,MRH-1065,Rent,Hidden,MRH-1065,1BHK in Sec 38,FnF-874-301,Pending,,,,https://drive.google.com/drive/folders/16sHMlae-EpQdX4pEzxSeDuBEI5ZahUkD
FnF,Sec 39,149,103,1RK,14K,Immediately,Rent Ok,MRH-1066,Rent,Hidden,MRH-1066,1RK in Sec 39,FnF-149-103,Pending,,,,https://drive.google.com/drive/folders/1q6Vzwap9P-nRMj7Dpv2DFGodcYdEaok-
FnF,Sec 39,149,406,1RK,14K,Immediately,Rent Ok,MRH-1067,Rent,Hidden,MRH-1067,1RK in Sec 39,FnF-149-406,Pending,,,,https://drive.google.com/drive/folders/1UZ278jega1jI3Fi0h3qqb0DwCuGyGTxo
FnF,Sec 39,755,501,1BHK,35K,Immediately,Rent Ok,MRH-1068,Rent,Hidden,MRH-1068,1BHK in Sec 39,FnF-755-501,Pending,,,,https://drive.google.com/drive/folders/1LPyKTlVwrXEjWJqCBrwY2FCio1ZAM26A
FnF,Sec 39,755,504,1BHK,35K,Immediately,Rent Ok,MRH-1069,Rent,Hidden,MRH-1069,1BHK in Sec 39,FnF-755-504,Pending,,,,https://drive.google.com/drive/folders/1cAj3Z9gOvC1A-JGx0uoIRUdK47KIW-Uk
FnF,Sec 40,13,103,2BHK,40K,Immediately,Rent Ok,MRH-1070,Rent,Hidden,MRH-1070,2BHK in Sec 40,FnF-13-103,Pending,,,,https://drive.google.com/drive/folders/1AFkoXxQZ8t0WesrUr4FculjB1DtqN4GJ
FnF,Sec 43,E177,102,2BHK,45K,Immediately,Rent Ok,MRH-1071,Rent,Hidden,MRH-1071,2BHK in Sec 43,FnF-E177-102,Pending,,,,https://drive.google.com/drive/folders/18VAZ4kppk-nR_IAeeCQlWX__CtttPA9V
FnF,Sec 43,1301P,G005,1RK,25K,Immediately,Rent Ok,MRH-1072,Rent,Hidden,MRH-1072,1RK in Sec 43,FnF-1301P-G005,Pending,,,,https://drive.google.com/drive/folders/1QUY5yEPB2DKEun3OZlfnAczGg_k8TcX6
FnF,Sec 45,767,104,1BHK,35K,Immediately,Rent Ok,MRH-1073,Rent,Hidden,MRH-1073,1BHK in Sec 45,FnF-767-104,Pending,,,,https://drive.google.com/drive/folders/1noRzc2TQLgQsXpS0M7q9re-f9uq2ujuW
FnF,Sec 45,767,404,1BHK,35K,Immediately,Rent Ok,MRH-1074,Rent,Hidden,MRH-1074,1BHK in Sec 45,FnF-767-404,Pending,,,,https://drive.google.com/drive/folders/1dRMI2JOERPal_aqpS3-aGiMZu4NwzWMV
FnF,Sec 45,767,205,1BHK,35K,Immediately,Rent Ok,MRH-1075,Rent,Hidden,MRH-1075,1BHK in Sec 45,FnF-767-205,Pending,,,,https://drive.google.com/drive/folders/1bKk2kO9ldP4fBoBafAspN6JRDbXjsB1M
FnF,Sec 46,101,402,1BHK,35K,Immediately,Rent Ok,MRH-1076,Rent,Hidden,MRH-1076,1BHK in Sec 46,FnF-101-402,Pending,,,,https://drive.google.com/drive/folders/1Y4D5eg7RanhIxBRgGtgQ_8JZqp6D5aSM
FnF,Sec 52,675,B002,1BHK,25k,Immediately,Rent Ok,MRH-1077,Rent,Hidden,MRH-1077,1BHK in Sec 52,FnF-675-B002,Pending,,,,https://drive.google.com/drive/folders/1Hm9xCwt2EpkqfhP7az6zvJWFaeFaJivf
FnF,Sec 55,107,103,1BHK,40K,Immediately,Rent Ok,MRH-1078,Rent,Hidden,MRH-1078,1BHK in Sec 55,FnF-107-103,Pending,,,,https://drive.google.com/drive/folders/1QEFP0ODs5aK5CXvpx8QpDEn0Pas5N6g9
FnF,Sec 55,107,203,1BHK,40K,Immediately,Rent Ok,MRH-1079,Rent,Hidden,MRH-1079,1BHK in Sec 55,FnF-107-203,Pending,,,,https://drive.google.com/drive/folders/1HW8eCMSED2iHLCcl3t72XiRrKE9nCyR_
FnF,Sec 51,1222,G002,1BHK,38K,Immediately,Rent Ok,MRH-1080,Rent,Hidden,MRH-1080,1BHK in Sec 51,FnF-1222-G002,Pending,,,,https://drive.google.com/drive/folders/1ZonniOFGVr8-Eheoy1o-VgDd-RJEi8Su
FnF,Sec 51,1222,101,1BHK,38K,Immediately,Rent Ok,MRH-1081,Rent,Hidden,MRH-1081,1BHK in Sec 51,FnF-1222-101,Pending,,,,https://drive.google.com/drive/folders/1A5gCjkvF-_QlCyDYz8SjClJg8yLv4C9_
FnF,Sec 51,1222,103,1BHK,38K,Immediately,Rent Ok,MRH-1082,Rent,Hidden,MRH-1082,1BHK in Sec 51,FnF-1222-103,Pending,,,,https://drive.google.com/drive/folders/1wmFYThz-D4_eskPbnpituQgK20oecE2m
FnF,Sec 51,1222,102,1BHK,38K,Immediately,Rent Ok,MRH-1083,Rent,Hidden,MRH-1083,1BHK in Sec 51,FnF-1222-102,Pending,,,,https://drive.google.com/drive/folders/1dr64LRy9mboZjK1u6OgZaYm4uTfwGJrH
FnF,Sec 51,1222,203,1BHK,38K,Immediately,Rent Ok,MRH-1084,Rent,Hidden,MRH-1084,1BHK in Sec 51,FnF-1222-203,Pending,,,,https://drive.google.com/drive/folders/1M9YKaobA8KNdJ4ma9Tequ3MMPhTpk0Zg
FnF,Sec 51,1222,301,1BHK,38K,Immediately,Rent Ok,MRH-1085,Rent,Hidden,MRH-1085,1BHK in Sec 51,FnF-1222-301,Pending,,,,https://drive.google.com/drive/folders/1kyor8rGBNVa7grwRz_rAhi5uu3XMXH39
FnF,Sec 51,1222,302,1BHK,38K,Immediately,Rent Ok,MRH-1086,Rent,Hidden,MRH-1086,1BHK in Sec 51,FnF-1222-302,Pending,,,,https://drive.google.com/drive/folders/1dZM_6V7q_8c5g0WFHkFUb8DeqklxTgR8
FnF,Sec 51,1222,402,1BHK,38K,Immediately,Rent Ok,MRH-1087,Rent,Hidden,MRH-1087,1BHK in Sec 51,FnF-1222-402,Pending,,,,https://drive.google.com/drive/folders/1heVuzCIgOo2RbWCTHAYZNnGz45Tz_lUr
FnF,Sec 57,38B,502,1BHK,35K,Immediately,Rent Ok,MRH-1088,Rent,Hidden,MRH-1088,1BHK in Sec 57,FnF-38B-502,Pending,,,,https://drive.google.com/drive/folders/1TV8jRxjb_SMVAol3dTtNJW42OFT44ZEr
FnF,Sec 18,GP62,204,1RK,16K,1-Jun-26,Rent Ok,MRH-1089,Rent,Hidden,MRH-1089,1RK in Sec 18,FnF-GP62-204,Pending,,,,https://drive.google.com/drive/folders/1VMZFarcG1usjKxHqf3m8x_usrPkUJ-Ie
FnF,Sec 30,Fnf-121,105,1BHK,30K,1-Jun-26,Rent Ok,MRH-1090,Rent,Hidden,MRH-1090,1BHK in Sec 30,FnF-Fnf-121-105,Pending,,,,https://drive.google.com/drive/folders/1rQowC2ntMh7smhLQgzBWa705pgFRTtQ1
FnF,Sec 30,Fnf-121,310,1BHK,30K,1-Jun-26,Rent Ok,MRH-1091,Rent,Hidden,MRH-1091,1BHK in Sec 30,FnF-Fnf-121-310,Pending,,,,https://drive.google.com/drive/folders/1zpKl3wD4xO7vAOEcK5lAdaRLhgTzPVDk
FnF,Sec 30,Fnf-371,302,1BHK,30K,1-Jun-26,Rent Ok,MRH-1092,Rent,Hidden,MRH-1092,1BHK in Sec 30,FnF-Fnf-371-302,Pending,,,,https://drive.google.com/drive/folders/1g6yyjHja4-e2yTcaX74HxlnlmoVzwf34
FnF,Sec 30,Fnf-371,303,1BHK,30K,1-Jun-26,Rent Ok,MRH-1093,Rent,Hidden,MRH-1093,1BHK in Sec 30,FnF-Fnf-371-303,Pending,,,,https://drive.google.com/drive/folders/1iTfMeGnA8KxZI0YocCJ6bSyWEWUFE1_5
FnF,Sec 38,Fnf-325,B003,1BHK,35K,1-Jun-26,Rent Ok,MRH-1094,Rent,Hidden,MRH-1094,1BHK in Sec 38,FnF-Fnf-325-B003,Pending,,,,https://drive.google.com/drive/folders/19gJBX6wQPTK9ck5LwXNSzrJgFsCCUDnw
FnF,Sec 39,755 Sec 3946,202,1BHK,35K,1-Jun-26,Rent Ok,MRH-1095,Rent,Hidden,MRH-1095,1BHK in Sec 39,FnF-755 Sec 3946-202,Pending,,,,https://drive.google.com/drive/folders/1Z2PU8ZBLHSK6wpCKBQSuc5GLUV5X5a9q
FnF,Sec 39,755 Sec 3946,105,1BHK,35K,1-Jun-26,Rent Ok,MRH-1096,Rent,Hidden,MRH-1096,1BHK in Sec 39,FnF-755 Sec 3946-105,Pending,,,,https://drive.google.com/drive/folders/1XFXhb92QxQAik_T2KDbaplh8iPApf6KG
FnF,Sec 39,FnF 170A Sec 39,102,1RK,28K,1-Jun-26,Rent Ok,MRH-1097,Rent,Hidden,MRH-1097,1RK in Sec 39,FnF-FnF 170A Sec 39-102,Pending,,,,https://drive.google.com/drive/folders/11UyVOZu7jE2gCbZMVT4OpPB0w-GCoHCS
FnF,Sec 39,Fnf-149,208,1RK,18K,1-Jun-26,Rent Ok,MRH-1098,Rent,Hidden,MRH-1098,1RK in Sec 39,FnF-Fnf-149-208,Pending,,,,https://drive.google.com/drive/folders/1OKoH9HcvTCYRL4O4bFScRsT46FECw64v
FnF,Sec 39,Fnf-410 B,G001,1RK,16K,1-Jun-26,Rent Ok,MRH-1099,Rent,Hidden,MRH-1099,1RK in Sec 39,FnF-Fnf-410 B-G001,Pending,,,,https://drive.google.com/drive/folders/1rxtI7-PBeMHvAN2kF7GOCXQqbjw_Ncse
FnF,Sec 40,Fnf-13,203,2BHK,40K,1-Jun-26,Rent Ok,MRH-1100,Rent,Live,MRH-1100,2BHK in Sec 40,FnF-Fnf-13-203,Pending,,,,https://drive.google.com/drive/folders/1sDyTqpPw28esxcmfXYbIpFwiHfHosqwN
FnF,Sec 43,Fnf-2051,205,1BHK,35K,1-Jun-26,Rent Ok,MRH-1101,Rent,Hidden,MRH-1101,1BHK in Sec 43,FnF-Fnf-2051-205,Pending,,,,https://drive.google.com/drive/folders/1qcEa4lsJ8tcD-us3-uBP_T_WI-D1mfrP
FnF,Sec 43,Fnf-2051,B-001,1BHK,25K,1-Jun-26,Rent Ok,MRH-1102,Rent,Hidden,MRH-1102,1BHK in Sec 43,FnF-Fnf-2051-B-001,Pending,,,,https://drive.google.com/drive/folders/1dDCU7y6w8mFL4tWhtXA4bN116Yieuwqd
FnF,Sec 43,Fnf-2051,203,1BHK,30k,1-Jun-26,Rent Ok,MRH-1103,Rent,Hidden,MRH-1103,1BHK in Sec 43,FnF-Fnf-2051-203,Pending,,,,https://drive.google.com/drive/folders/1DSSGFg5y7kfu6TsRuyq8gyE3KYXqHKao
FnF,Sec 43,Fnf-2051,402,1BHK,35K,1-Jun-26,Rent Ok,MRH-1104,Rent,Hidden,MRH-1104,1BHK in Sec 43,FnF-Fnf-2051-402,Pending,,,,https://drive.google.com/drive/folders/1H4ZaEmNg5gkS8OgZNcwdBUuSAZRYfNqy
FnF,Sec 43,Fnf-E 177,402,2BHK,45K,1-Jun-26,Rent Ok,MRH-1105,Rent,Hidden,MRH-1105,2BHK in Sec 43,FnF-Fnf-E 177-402,Pending,,,,https://drive.google.com/drive/folders/1J8152HkNG0aKjCPRmFwFHFI5wniMeN3z
FnF,Sec 49,Fnf-219,305,2BHK,45K,1-Jun-26,Rent Ok,MRH-1106,Rent,Hidden,MRH-1106,2BHK in Sec 49,FnF-Fnf-219-305,Pending,,,,https://drive.google.com/drive/folders/1jKmxSJrulPPq5eWUQTqypzh-guQkMMrU
FnF,Sec 49,Fnf-219,205,2BHK,45K,1-Jun-26,Rent Ok,MRH-1107,Rent,Hidden,MRH-1107,2BHK in Sec 49,FnF-Fnf-219-205,Pending,,,,https://drive.google.com/drive/folders/1vxJYigxesiafLuvHyrkKC0Xwo7UqbKme
FnF,Sec 51,Fnf-N 74,G001,1BHK,30K,1-Jun-26,Rent Ok,MRH-1108,Rent,Hidden,MRH-1108,1BHK in Sec 51,FnF-Fnf-N 74-G001,Pending,,,,https://drive.google.com/drive/folders/191fDSPKAPCVkZ9lZ13TYKBZjzakdOEZ5
FnF,Sec 52,Fnf-675,B-001,1BHK,25K,1-Jun-26,Rent Ok,MRH-1109,Rent,Hidden,MRH-1109,1BHK in Sec 52,FnF-Fnf-675-B-001,Pending,,,,https://drive.google.com/drive/folders/10vREYinNZXZvKRW_-wwQObgzyEtXkdrq
FnF,Sec 52,Fnf-860A,B002,1RK,18K,1-Jun-26,Rent Ok,MRH-1110,Rent,Hidden,MRH-1110,1RK in Sec 52,FnF-Fnf-860A-B002,Pending,,,,https://drive.google.com/drive/folders/19opgQih0XRQX-gCV2iuFafks7aFxk6vD
FnF,Sec 52,Fnf-860A,301,1RK,22K,1-Jun-26,Rent Ok,MRH-1111,Rent,Hidden,MRH-1111,1RK in Sec 52,FnF-Fnf-860A-301,Pending,,,,https://drive.google.com/drive/folders/19Hqasw-HUeoS_qHwkus85BtCwsv-aj4k
FnF,Sec 53,443,G002,1BHK,30K,1-Jun-26,Rent Ok,MRH-1112,Rent,Hidden,MRH-1112,1BHK in Sec 53,FnF-443-G002,Pending,,,,https://drive.google.com/drive/folders/119greE3pgtIYBQ02Zhkym-oN53zYXkXX
FnF,Sec 55,Fnf-107,102,1BHK,40K,1-Jun-26,Rent Ok,MRH-1113,Rent,Hidden,MRH-1113,1BHK in Sec 55,FnF-Fnf-107-102,Pending,,,,https://drive.google.com/drive/folders/1njhz5wAcY95JIpI5c4DE_4qgWHHP0ZG-
Dore,Sec-52,1197,402,1BHK,25K,Immediately,,MRH-1114,Rent,Live,MRH-1114,1BHK in Sec-52,Dore-1197-402,Pending,,,,https://drive.google.com/drive/folders/1-9Ma8P7iT8EubOh7Lppo_DKITVIuWOzc
Dore,Sec-52,1197,302,1BHK,25K,01-06-2026,,MRH-1115,Rent,Hidden,MRH-1115,1BHK in Sec-52,Dore-1197-302,Pending,,,,https://drive.google.com/drive/folders/1S1vLQy9dqA_euYohx-IY6TihICyrXG6C
Dore,Sec-52,54/23,4F,1BHK,22K,01-06-2026,Room/Floor ambiguity: room listed as 4F,MRH-1116,Rent,Hidden,MRH-1116,1BHK in Sec-52,Dore-54/23-4F,Pending,,,,https://drive.google.com/drive/folders/1w4wxaQ8oJUxaoWFMKmkvpM0ZT-En4N6C
Dore,Sec-52,1534/C,307,1BHK,27K,01-06-2025,,MRH-1117,Rent,Hidden,MRH-1117,1BHK in Sec-52,Dore-1534/C-307,Pending,,,,https://drive.google.com/drive/folders/1Y2VV2bGb725cpBn4w0pzUA4qeLfuyDqJ
Dore,Sec-52,1534/C,402,1BHK,26K,Immediately,,MRH-1118,Rent,Hidden,MRH-1118,1BHK in Sec-52,Dore-1534/C-402,Pending,,,,https://drive.google.com/drive/folders/1aRpGEugswVdVm50eOg8rPP2Zkze2Y4xC
Dore,Sec-24,V12/42,203,1RK,13K,Immediately,,MRH-1119,Rent,Hidden,MRH-1119,1RK in Sec-24,Dore-V12/42-203,Pending,,,,https://drive.google.com/drive/folders/1O8KstpkxhNgJXYezqlZ00FxKJNCwAAyE
Dore,Sec-24,V12/42,G3,1RK,16K,Immediately,Floor code unclear,MRH-1120,Rent,Hidden,MRH-1120,1RK in Sec-24,Dore-V12/42-G3,Pending,,,,https://drive.google.com/drive/folders/1hNstW1zqd_Ea2Akf_R707m3mLEqywWRH
Dore,Sec-24,V12/42,403,1RK,14K,01-06-2025,,MRH-1121,Rent,Hidden,MRH-1121,1RK in Sec-24,Dore-V12/42-403,Pending,,,,https://drive.google.com/drive/folders/1BgP6DnS1bl0svwYQ_lBFviG71IJXb_65
Dore,Sec-24,V12/42,405,1RK,15K,Immediately,,MRH-1122,Rent,Hidden,MRH-1122,1RK in Sec-24,Dore-V12/42-405,Pending,,,,https://drive.google.com/drive/folders/1giLEro6_yMglJ9BYyPbRazKY2JSr3yYI
Dore,Sec-52,1410,101,1RK,16K,01-06-2025,,MRH-1123,Rent,Hidden,MRH-1123,1RK in Sec-52,Dore-1410-101,Pending,,,,https://drive.google.com/drive/folders/1j4pncD5AjjedvLm5q4EIyKD4IpivWjII
Dore,Sec-52,1410,305,1RK,16K,01-06-2025,,MRH-1124,Rent,Hidden,MRH-1124,1RK in Sec-52,Dore-1410-305,Pending,,,,https://drive.google.com/drive/folders/1nqzKPy-b9DyHXQWTnYQNYe1m3pF36VcS
Dore,Sec-52,1533/E,403,1RK,17K,10-06-2026,,MRH-1125,Rent,Hidden,MRH-1125,1RK in Sec-52,Dore-1533/E-403,Pending,,,,https://drive.google.com/drive/folders/1FpKxRtQjvoFmshI9ZWfoy0WOtN8fdQvF
Dore,Sec-52,1534/B,G2,1RK,16K,01-06-2025,,MRH-1126,Rent,Hidden,MRH-1126,1RK in Sec-52,Dore-1534/B-G2,Pending,,,,https://drive.google.com/drive/folders/1bQJApvz75Pi0KVpc9L3zhB9IyxtNLSvf
Dore,Sec-52,1534/B,305,1RK,17K,01-06-2025,,MRH-1127,Rent,Hidden,MRH-1127,1RK in Sec-52,Dore-1534/B-305,Pending,,,,https://drive.google.com/drive/folders/1N3ZG5n1opyrxzaBfK_SoH10lJO_zPZnV
Dore,Sec-52,1534/B,402,1RK,16K,Immediately,,MRH-1128,Rent,Live,MRH-1128,1RK in Sec-52,Dore-1534/B-402,Pending,,,,https://drive.google.com/drive/folders/1INRCcz0qnqZ_p1vyZK9QYgZK9Fm2O__U
Dore,Sec-52,1691,203,1RK,15K,01-06-2025,,MRH-1129,Rent,Hidden,MRH-1129,1RK in Sec-52,Dore-1691-203,Pending,,,,https://drive.google.com/drive/folders/1uB4wcWLy_z7Ssr49kqranMIhdCECZrWT
Dore,Sec-52,560,4(Units),1RK,13K,Immediately,Grouped units; split later if needed,MRH-1130,Rent,Live,MRH-1130,1RK in Sec-52,Dore-560-4(Units),Pending,,,,https://drive.google.com/drive/folders/1kYf30E1xgbmPwuj9vz9mLV4-ZtGCYo1C
Dore,Sec-24,54/23,Top floor,1RK,11K,Immediately,,MRH-1131,Rent,Hidden,MRH-1131,1RK in Sec-24,Dore-54/23-Top floor,Pending,,,,https://drive.google.com/drive/folders/1ZLGo6_zTPUCqf6FA1i8rmwQCdbLpMCPx
BDR,Sector 42,Plot 60,101,2 Room Set,42K,Immediately,,MRH-1132,,Hidden,MRH-1132,2 Room Set in Sector 42,BDR-Plot 60-101,Pending,,,,https://drive.google.com/drive/folders/15QflwkU5Ey1qDLJHnrw3laIEcHlbFC9E
BDR,Sector 42,Plot 60,302,2 Room Set,42K,Immediately,,MRH-1133,,Hidden,MRH-1133,2 Room Set in Sector 42,BDR-Plot 60-302,Pending,,,,https://drive.google.com/drive/folders/1E0zUgge7jrJYcyYUWLbWs4R51zWCeHV2
BDR,Sector 42,Plot 60,401,2 Room Set,42K,Immediately,,MRH-1134,,Hidden,MRH-1134,2 Room Set in Sector 42,BDR-Plot 60-401,Pending,,,,https://drive.google.com/drive/folders/1iF0341nvQ5uccj-6vcsUvKyBJkdURiFj
BDR,Sector 42,Plot 237,301,3BHK,68K,Immediately,,MRH-1135,Rent,Featured,MRH-1135,3BHK in Sector 42,BDR-Plot 237-301,Pending,,,,https://drive.google.com/drive/folders/18UnzNq2KLWuoDol4kExA_On9mwC9bj1X
BDR,Sector 52,Plot 1304,203,2BHK,48K,Immediately,,MRH-1136,Rent,Featured,MRH-1136,2BHK in Sector 52,BDR-Plot 1304-203,Pending,,,,https://drive.google.com/drive/folders/1AIXe3zF-2e8_4NNpcuVqA0g6nT-VCMjC
BDR,Sector 52,Plot 1304,403,2BHK,48K,Immediately,,MRH-1137,Rent,Live,MRH-1137,2BHK in Sector 52,BDR-Plot 1304-403,Pending,,,,https://drive.google.com/drive/folders/1zlfl3JXxCbW8hUy-iKnmbMLcUm5TcqKE
BDR,Sector 24,Plot V10/20,G002,1BHK,30K–33K,Immediately,,MRH-1138,Rent,Hidden,MRH-1138,1BHK in Sector 24,BDR-Plot V10/20-G002,Pending,,,,https://drive.google.com/drive/folders/12MBq3Tlzff5qkk4aK1hRa5L-0P63VP7c
BDR,Sector 24,Plot V10/20,103,1BHK,30K–33K,Immediately,,MRH-1139,Rent,Hidden,MRH-1139,1BHK in Sector 24,BDR-Plot V10/20-103,Pending,,,,https://drive.google.com/drive/folders/1IQIHQPcFRGz8V0eVds1UXg-V49JGax8W
BDR,Sector 28,Plot 312,303,1BHK,39K,Immediately,,MRH-1140,Rent,Live,MRH-1140,1BHK in Sector 28,BDR-Plot 312-303,Pending,,,,https://drive.google.com/drive/folders/1LKGkmOQ9BBEZj1qSh_4kVVMast2-85hs
BDR,Sector 28,Plot 312,401,1BHK,39K,Immediately,,MRH-1141,Rent,Hidden,MRH-1141,1BHK in Sector 28,BDR-Plot 312-401,Pending,,,,https://drive.google.com/drive/folders/1v213qXM0nNBsbfFHvmszweLbAGtF_Wsu
BDR,Sector 28,Plot 219,105,1BHK,45K–60K,Immediately,,MRH-1142,Rent,Featured,MRH-1142,1BHK in Sector 28,BDR-Plot 219-105,Pending,,,,https://drive.google.com/drive/folders/1GvOVKu-SgN5i1McCsaPT9xXZtRN0ZMew
BDR,Sector 28,Plot 219,302,1BHK,45K–60K,Immediately,,MRH-1143,Rent,Hidden,MRH-1143,1BHK in Sector 28,BDR-Plot 219-302,Pending,,,,https://drive.google.com/drive/folders/1sE2Vm-P4Te8CHfGJ2E_bvufkfaIbQ929
BDR,Sector 28,Plot 219,401,1BHK,45K–60K,Immediately,,MRH-1144,Rent,Hidden,MRH-1144,1BHK in Sector 28,BDR-Plot 219-401,Pending,,,,https://drive.google.com/drive/folders/1am1M7k5pswccX04V32ETK6AwsQVtIWLN
BDR,Sector 28,Plot 219,402,1BHK,45K–60K,Immediately,,MRH-1145,Rent,Hidden,MRH-1145,1BHK in Sector 28,BDR-Plot 219-402,Pending,,,,https://drive.google.com/drive/folders/1YH6CcPKP5awzCICb6IWoyZ90snK523XF
BDR,Sector 53,Plot 729P,G2,1BHK,26K,Immediately,,MRH-1146,Rent,Live,MRH-1146,1BHK in Sector 53,BDR-Plot 729P-G2,Pending,,,,https://drive.google.com/drive/folders/1JbJzJUMXWWlZ7yeLwrEhCp1VUyNTkQeg
BDR,Sector 53,Plot 729P,101,1BHK,26K,Immediately,,MRH-1147,Rent,Hidden,MRH-1147,1BHK in Sector 53,BDR-Plot 729P-101,Pending,,,,https://drive.google.com/drive/folders/1DOU--5unxk3gLrn7gj-V2mkVWY-iEoDh
BDR,Sector 53,Plot 729P,302,1BHK,26K,Immediately,,MRH-1148,Rent,Hidden,MRH-1148,1BHK in Sector 53,BDR-Plot 729P-302,Pending,,,,https://drive.google.com/drive/folders/1Xi_aE_yCbv1qNMy6WfAXQ5hGXH3HJ9Jm
BDR,Sector 53,Plot 729P,401,1BHK,26K,Immediately,,MRH-1149,Rent,Hidden,MRH-1149,1BHK in Sector 53,BDR-Plot 729P-401,Pending,,,,https://drive.google.com/drive/folders/11oka6V-KZK1F9-wpgkYYv1oCwhxFQfig
BDR,Sector 53,Plot 729P,501,1BHK,26K,Immediately,,MRH-1150,Rent,Hidden,MRH-1150,1BHK in Sector 53,BDR-Plot 729P-501,Pending,,,,https://drive.google.com/drive/folders/1jbNLpi8cTgKCXG6QZml7tGdar3dpl2mC
BDR,Sector 43,Plot 2193,G3,1RK,17K,Immediately,,MRH-1151,Rent,Hidden,MRH-1151,1RK in Sector 43,BDR-Plot 2193-G3,Pending,,,,https://drive.google.com/drive/folders/117RgyKpMJ7n2qOE_-K0RBDgiTm9sePwR
BDR,Sector 43,Plot 2193,G4,1RK,17K,Immediately,,MRH-1152,Rent,Hidden,MRH-1152,1RK in Sector 43,BDR-Plot 2193-G4,Pending,,,,https://drive.google.com/drive/folders/1ugGak6zjbrBZAMLwexz0LCAutP2SwCDg
BDR,Sector 43,Plot 2193,201,1RK,22K,Immediately,,MRH-1153,Rent,Featured,MRH-1153,1RK in Sector 43,BDR-Plot 2193-201,Pending,,,,https://drive.google.com/drive/folders/11Bag19_ZhirPDZd6kQwdMLPLPMW0ajUj
BDR,Sector 43,Plot 2193,304,1RK,22K,Immediately,,MRH-1154,Rent,Hidden,MRH-1154,1RK in Sector 43,BDR-Plot 2193-304,Pending,,,,https://drive.google.com/drive/folders/1X1qh3018gkfoeSXJFRxZ8kQl0tfKzuWI
BDR,Sector 43,Plot 2193,402,1RK,22K,Immediately,,MRH-1155,Rent,Hidden,MRH-1155,1RK in Sector 43,BDR-Plot 2193-402,Pending,,,,https://drive.google.com/drive/folders/1TW6TIRHKXGmHWEbrMDbOHoQr5OCJ2R7T
BDR,Sector 43,Plot 2193,501,1RK,22K,Immediately,,MRH-1156,Rent,Hidden,MRH-1156,1RK in Sector 43,BDR-Plot 2193-501,Pending,,,,https://drive.google.com/drive/folders/1gmNFOPTioxDrBwSpNnOd_Fm5cJ1vmNxA
BDR,Sector 43,Plot 2193,502,1RK,22K,Immediately,,MRH-1157,Rent,Hidden,MRH-1157,1RK in Sector 43,BDR-Plot 2193-502,Pending,,,,https://drive.google.com/drive/folders/1ktNuTTv3UlpD0_rCXeH5r-NS69Lw8tjM
BDR,Sector 24,Plot U-23/21A,201,1RK,18K–21K,Immediately,,MRH-1158,Rent,Live,MRH-1158,1RK in Sector 24,BDR-Plot U-23/21A-201,Pending,,,,https://drive.google.com/drive/folders/1GIq4ZWzBC5WyEcka5n7XhTheHMiLqJYO
BDR,Sector 24,Plot U-23/21A,401,1RK,18K–21K,Immediately,,MRH-1159,Rent,Hidden,MRH-1159,1RK in Sector 24,BDR-Plot U-23/21A-401,Pending,,,,https://drive.google.com/drive/folders/1JFK2bqJQlzMvrsADiybu7_eqf1cM6Qad
BDR,Sector 24,Plot U-23/21A,404,1RK,18K–21K,Immediately,,MRH-1160,Rent,Hidden,MRH-1160,1RK in Sector 24,BDR-Plot U-23/21A-404,Pending,,,,https://drive.google.com/drive/folders/1QhY537Kmg9AgPkK9riHUdhi5fgtHzGFY
BDR,Sector 24,Plot U-23/21A,501,1RK,18K–21K,Immediately,,MRH-1161,Rent,Hidden,MRH-1161,1RK in Sector 24,BDR-Plot U-23/21A-501,Pending,,,,https://drive.google.com/drive/folders/1L5ItX4QMetb2Zpsc7KGvRbtkEya-EaPB
BDR,Sector 28,Plot 3304,205,1RK,20K–23K,01-Jun-2026,,MRH-1162,Rent,Hidden,MRH-1162,1RK in Sector 28,BDR-Plot 3304-205,Pending,,,,https://drive.google.com/drive/folders/16zRB5a5_0pgFGn-YmadoCHv2JWh1LM8C
BDR,Sector 28,Plot 3304,206,1RK,20K–23K,01-Jun-2026,,MRH-1163,Rent,Hidden,MRH-1163,1RK in Sector 28,BDR-Plot 3304-206,Pending,,,,https://drive.google.com/drive/folders/1FT6_6xil5aMOPWeXJB0mL8DD7wEIsL7F
BDR,Sector 28,Plot 3304,405,1RK,20K–23K,01-Jun-2026,,MRH-1164,Rent,Hidden,MRH-1164,1RK in Sector 28,BDR-Plot 3304-405,Pending,,,,https://drive.google.com/drive/folders/1FaV08OUdu9Kq2NJWmOkSPReY9e6Oi9Na
BDR,Sector 28,Plot 3304,407,1RK,20K–23K,01-Jun-2026,,MRH-1165,Rent,Hidden,MRH-1165,1RK in Sector 28,BDR-Plot 3304-407,Pending,,,,https://drive.google.com/drive/folders/1tovaiCRRU2PasApiyQcLg-nnagKo-7Qo
,,,,,,,,,,,,,,,,,,
,,,,,,,,,,,,,,,,,,
,,,,,,,,,,,,,,,,,,
,,,,,,,,,,,,,,,,,,
,,,,,,,,,,,,,,,,,,
,,,,,,,,,,,,,,,,,,
,,,,,,,,,,,,,,,,,,
,,,,,,,,,,,,,,,,,,
,,,,,,,,,,,,,,,,,,
,,,,,,,,,,,,,,,,,,
,,,,,,,,,,,,,,,,,,
,,,,,,,,,,,,,,,,,,
,,,,,,,,,,,,,,,,,,
,,,,,,,,,,,,,,,,,,
,,,,,,,,,,,,,,,,,,
,,,,,,,,,,,,,,,,,,
,,,,,,,,,,,,,,,,,,
,,,,,,,,,,,,,,,,,,
,,,,,,,,,,,,,,,,,,
,,,,,,,,,,,,,,,,,,
,,,,,,,,,,,,,,,,,,
,,,,,,,,,,,,,,,,,,
,,,,,,,,,,,,,,,,,,
,,,,,,,,,,,,,,,,,,
,,,,,,,,,,,,,,,,,,
,,,,,,,,,,,,,,,,,,
,,,,,,,,,,,,,,,,,,
,,,,,,,,,,,,,,,,,,
,,,,,,,,,,,,,,,,,,
,,,,,,,,,,,,,,,,,,
,,,,,,,,,,,,,,,,,,
,,,,,,,,,,,,,,,,,,
,,,,,,,,,,,,,,,,,,
,,,,,,,,,,,,,,,,,,
,,,,,,,,,,,,,,,,,,
,,,,,,,,,,,,,,,,,,
,,,,,,,,,,,,,,,,,,
,,,,,,,,,,,,,,,,,,
,,,,,,,,,,,,,,,,,,
,,,,,,,,,,,,,,,,,,
,,,,,,,,,,,,,,,,,,
,,,,,,,,,,,,,,,,,,
,,,,,,,,,,,,,,,,,,
,,,,,,,,,,,,,,,,,,
,,,,,,,,,,,,,,,,,,
,,,,,,,,,,,,,,,,,,
,,,,,,,,,,,,,,,,,,
,,,,,,,,,,,,,,,,,,
,,,,,,,,,,,,,,,,,,
,,,,,,,,,,,,,,,,,,
,,,,,,,,,,,,,,,,,,
,,,,,,,,,,,,,,,,,,
,,,,,,,,,,,,,,,,,,
,,,,,,,,,,,,,,,,,,
,,,,,,,,,,,,,,,,,,
,,,,,,,,,,,,,,,,,,
,,,,,,,,,,,,,,,,,,
,,,,,,,,,,,,,,,,,,
,,,,,,,,,,,,,,,,,,
,,,,,,,,,,,,,,,,,,
,,,,,,,,,,,,,,,,,,
,,,,,,,,,,,,,,,,,,
,,,,,,,,,,,,,,,,,,
,,,,,,,,,,,,,,,,,,
,,,,,,,,,,,,,,,,,,
,,,,,,,,,,,,,,,,,,
,,,,,,,,,,,,,,,,,,
,,,,,,,,,,,,,,,,,,
,,,,,,,,,,,,,,,,,,
,,,,,,,,,,,,,,,,,,
,,,,,,,,,,,,,,,,,,
,,,,,,,,,,,,,,,,,,
,,,,,,,,,,,,,,,,,,
,,,,,,,,,,,,,,,,,,
,,,,,,,,,,,,,,,,,,
,,,,,,,,,,,,,,,,,,
,,,,,,,,,,,,,,,,,,
,,,,,,,,,,,,,,,,,,
,,,,,,,,,,,,,,,,,,
,,,,,,,,,,,,,,,,,,
,,,,,,,,,,,,,,,,,,
,,,,,,,,,,,,,,,,,,
,,,,,,,,,,,,,,,,,,
,,,,,,,,,,,,,,,,,,
,,,,,,,,,,,,,,,,,,
,,,,,,,,,,,,,,,,,,
,,,,,,,,,,,,,,,,,,
,,,,,,,,,,,,,,,,,,
,,,,,,,,,,,,,,,,,,
,,,,,,,,,,,,,,,,,,
,,,,,,,,,,,,,,,,,,
,,,,,,,,,,,,,,,,,,
,,,,,,,,,,,,,,,,,,
,,,,,,,,,,,,,,,,,,
,,,,,,,,,,,,,,,,,,
,,,,,,,,,,,,,,,,,,
,,,,,,,,,,,,,,,,,,
,,,,,,,,,,,,,,,,,,
,,,,,,,,,,,,,,,,,,
,,,,,,,,,,,,,,,,,,
,,,,,,,,,,,,,,,,,,
,,,,,,,,,,,,,,,,,,
,,,,,,,,,,,,,,,,,,
,,,,,,,,,,,,,,,,,,
,,,,,,,,,,,,,,,,,,
,,,,,,,,,,,,,,,,,,
,,,,,,,,,,,,,,,,,,
,,,,,,,,,,,,,,,,,,
,,,,,,,,,,,,,,,,,,
,,,,,,,,,,,,,,,,,,
,,,,,,,,,,,,,,,,,,
,,,,,,,,,,,,,,,,,,
,,,,,,,,,,,,,,,,,,
,,,,,,,,,,,,,,,,,,
,,,,,,,,,,,,,,,,,,
,,,,,,,,,,,,,,,,,,
,,,,,,,,,,,,,,,,,,
,,,,,,,,,,,,,,,,,,
,,,,,,,,,,,,,,,,,,
,,,,,,,,,,,,,,,,,,
,,,,,,,,,,,,,,,,,,
,,,,,,,,,,,,,,,,,,
,,,,,,,,,,,,,,,,,,
,,,,,,,,,,,,,,,,,,
,,,,,,,,,,,,,,,,,,
,,,,,,,,,,,,,,,,,,
,,,,,,,,,,,,,,,,,,
,,,,,,,,,,,,,,,,,,
,,,,,,,,,,,,,,,,,,
,,,,,,,,,,,,,,,,,,
,,,,,,,,,,,,,,,,,,
,,,,,,,,,,,,,,,,,,
,,,,,,,,,,,,,,,,,,
,,,,,,,,,,,,,,,,,,
,,,,,,,,,,,,,,,,,,
,,,,,,,,,,,,,,,,,,
,,,,,,,,,,,,,,,,,,
,,,,,,,,,,,,,,,,,,
,,,,,,,,,,,,,,,,,,
,,,,,,,,,,,,,,,,,,
,,,,,,,,,,,,,,,,,,
,,,,,,,,,,,,,,,,,,
,,,,,,,,,,,,,,,,,,
,,,,,,,,,,,,,,,,,,
,,,,,,,,,,,,,,,,,,
,,,,,,,,,,,,,,,,,,
,,,,,,,,,,,,,,,,,,
,,,,,,,,,,,,,,,,,,
,,,,,,,,,,,,,,,,,,
,,,,,,,,,,,,,,,,,,
,,,,,,,,,,,,,,,,,,
,,,,,,,,,,,,,,,,,,
,,,,,,,,,,,,,,,,,,
,,,,,,,,,,,,,,,,,,
,,,,,,,,,,,,,,,,,,
,,,,,,,,,,,,,,,,,,
,,,,,,,,,,,,,,,,,,
,,,,,,,,,,,,,,,,,,
,,,,,,,,,,,,,,,,,,
,,,,,,,,,,,,,,,,,,
,,,,,,,,,,,,,,,,,,
,,,,,,,,,,,,,,,,,,
,,,,,,,,,,,,,,,,,,
,,,,,,,,,,,,,,,,,,
,,,,,,,,,,,,,,,,,,
,,,,,,,,,,,,,,,,,,
,,,,,,,,,,,,,,,,,,
,,,,,,,,,,,,,,,,,,
,,,,,,,,,,,,,,,,,,
,,,,,,,,,,,,,,,,,,
,,,,,,,,,,,,,,,,,,
,,,,,,,,,,,,,,,,,,
,,,,,,,,,,,,,,,,,,
,,,,,,,,,,,,,,,,,,
,,,,,,,,,,,,,,,,,,
,,,,,,,,,,,,,,,,,,
,,,,,,,,,,,,,,,,,,
,,,,,,,,,,,,,,,,,,
,,,,,,,,,,,,,,,,,,
,,,,,,,,,,,,,,,,,,
,,,,,,,,,,,,,,,,,,
,,,,,,,,,,,,,,,,,,
,,,,,,,,,,,,,,,,,,
,,,,,,,,,,,,,,,,,,
,,,,,,,,,,,,,,,,,,
,,,,,,,,,,,,,,,,,,
,,,,,,,,,,,,,,,,,,
,,,,,,,,,,,,,,,,,,
,,,,,,,,,,,,,,,,,,
,,,,,,,,,,,,,,,,,,
,,,,,,,,,,,,,,,,,,
,,,,,,,,,,,,,,,,,,
,,,,,,,,,,,,,,,,,,
,,,,,,,,,,,,,,,,,,
,,,,,,,,,,,,,,,,,,
,,,,,,,,,,,,,,,,,,
,,,,,,,,,,,,,,,,,,
,,,,,,,,,,,,,,,,,,
,,,,,,,,,,,,,,,,,,
,,,,,,,,,,,,,,,,,,
,,,,,,,,,,,,,,,,,,
,,,,,,,,,,,,,,,,,,
,,,,,,,,,,,,,,,,,,
,,,,,,,,,,,,,,,,,,
,,,,,,,,,,,,,,,,,,
,,,,,,,,,,,,,,,,,,
,,,,,,,,,,,,,,,,,,
,,,,,,,,,,,,,,,,,,
,,,,,,,,,,,,,,,,,,
,,,,,,,,,,,,,,,,,,
,,,,,,,,,,,,,,,,,,
,,,,,,,,,,,,,,,,,,
,,,,,,,,,,,,,,,,,,
,,,,,,,,,,,,,,,,,,
,,,,,,,,,,,,,,,,,,
,,,,,,,,,,,,,,,,,,
,,,,,,,,,,,,,,,,,,
,,,,,,,,,,,,,,,,,,
,,,,,,,,,,,,,,,,,,
,,,,,,,,,,,,,,,,,,
,,,,,,,,,,,,,,,,,,
,,,,,,,,,,,,,,,,,,
,,,,,,,,,,,,,,,,,,
,,,,,,,,,,,,,,,,,,
,,,,,,,,,,,,,,,,,,
,,,,,,,,,,,,,,,,,,
,,,,,,,,,,,,,,,,,,
,,,,,,,,,,,,,,,,,,
,,,,,,,,,,,,,,,,,,
,,,,,,,,,,,,,,,,,,
,,,,,,,,,,,,,,,,,,
,,,,,,,,,,,,,,,,,,
,,,,,,,,,,,,,,,,,,
,,,,,,,,,,,,,,,,,,
,,,,,,,,,,,,,,,,,,
,,,,,,,,,,,,,,,,,,
,,,,,,,,,,,,,,,,,,
,,,,,,,,,,,,,,,,,,
,,,,,,,,,,,,,,,,,,
,,,,,,,,,,,,,,,,,,
,,,,,,,,,,,,,,,,,,
,,,,,,,,,,,,,,,,,,
,,,,,,,,,,,,,,,,,,
,,,,,,,,,,,,,,,,,,
,,,,,,,,,,,,,,,,,,
,,,,,,,,,,,,,,,,,,
,,,,,,,,,,,,,,,,,,
,,,,,,,,,,,,,,,,,,
,,,,,,,,,,,,,,,,,,
,,,,,,,,,,,,,,,,,,
,,,,,,,,,,,,,,,,,,
,,,,,,,,,,,,,,,,,,
,,,,,,,,,,,,,,,,,,
,,,,,,,,,,,,,,,,,,
,,,,,,,,,,,,,,,,,,
,,,,,,,,,,,,,,,,,,
,,,,,,,,,,,,,,,,,,
,,,,,,,,,,,,,,,,,,
,,,,,,,,,,,,,,,,,,
,,,,,,,,,,,,,,,,,,
,,,,,,,,,,,,,,,,,,
,,,,,,,,,,,,,,,,,,
,,,,,,,,,,,,,,,,,,
,,,,,,,,,,,,,,,,,,
,,,,,,,,,,,,,,,,,,
,,,,,,,,,,,,,,,,,,
,,,,,,,,,,,,,,,,,,
,,,,,,,,,,,,,,,,,,
,,,,,,,,,,,,,,,,,,
,,,,,,,,,,,,,,,,,,
,,,,,,,,,,,,,,,,,,
,,,,,,,,,,,,,,,,,,
,,,,,,,,,,,,,,,,,,
,,,,,,,,,,,,,,,,,,
,,,,,,,,,,,,,,,,,,
,,,,,,,,,,,,,,,,,,
,,,,,,,,,,,,,,,,,,
,,,,,,,,,,,,,,,,,,
,,,,,,,,,,,,,,,,,,
,,,,,,,,,,,,,,,,,,
,,,,,,,,,,,,,,,,,,
,,,,,,,,,,,,,,,,,,
,,,,,,,,,,,,,,,,,,
,,,,,,,,,,,,,,,,,,
,,,,,,,,,,,,,,,,,,
,,,,,,,,,,,,,,,,,,
,,,,,,,,,,,,,,,,,,
,,,,,,,,,,,,,,,,,,
,,,,,,,,,,,,,,,,,,
,,,,,,,,,,,,,,,,,,
,,,,,,,,,,,,,,,,,,
,,,,,,,,,,,,,,,,,,
,,,,,,,,,,,,,,,,,,
,,,,,,,,,,,,,,,,,,
,,,,,,,,,,,,,,,,,,
,,,,,,,,,,,,,,,,,,
,,,,,,,,,,,,,,,,,,
,,,,,,,,,,,,,,,,,,
,,,,,,,,,,,,,,,,,,
,,,,,,,,,,,,,,,,,,
,,,,,,,,,,,,,,,,,,
,,,,,,,,,,,,,,,,,,
,,,,,,,,,,,,,,,,,,
,,,,,,,,,,,,,,,,,,
,,,,,,,,,,,,,,,,,,
,,,,,,,,,,,,,,,,,,
,,,,,,,,,,,,,,,,,,
,,,,,,,,,,,,,,,,,,
,,,,,,,,,,,,,,,,,,
,,,,,,,,,,,,,,,,,,
,,,,,,,,,,,,,,,,,,
,,,,,,,,,,,,,,,,,,
,,,,,,,,,,,,,,,,,,
,,,,,,,,,,,,,,,,,,
,,,,,,,,,,,,,,,,,,
,,,,,,,,,,,,,,,,,,
,,,,,,,,,,,,,,,,,,
,,,,,,,,,,,,,,,,,,
,,,,,,,,,,,,,,,,,,
,,,,,,,,,,,,,,,,,,
,,,,,,,,,,,,,,,,,,
,,,,,,,,,,,,,,,,,,
,,,,,,,,,,,,,,,,,,
,,,,,,,,,,,,,,,,,,
,,,,,,,,,,,,,,,,,,
,,,,,,,,,,,,,,,,,,
,,,,,,,,,,,,,,,,,,
,,,,,,,,,,,,,,,,,,
,,,,,,,,,,,,,,,,,,
,,,,,,,,,,,,,,,,,,
,,,,,,,,,,,,,,,,,,
,,,,,,,,,,,,,,,,,,
,,,,,,,,,,,,,,,,,,
,,,,,,,,,,,,,,,,,,
,,,,,,,,,,,,,,,,,,
,,,,,,,,,,,,,,,,,,
,,,,,,,,,,,,,,,,,,
,,,,,,,,,,,,,,,,,,
,,,,,,,,,,,,,,,,,,
,,,,,,,,,,,,,,,,,,
,,,,,,,,,,,,,,,,,,
,,,,,,,,,,,,,,,,,,
,,,,,,,,,,,,,,,,,,
,,,,,,,,,,,,,,,,,,
,,,,,,,,,,,,,,,,,,
,,,,,,,,,,,,,,,,,,
,,,,,,,,,,,,,,,,,,
,,,,,,,,,,,,,,,,,,
,,,,,,,,,,,,,,,,,,
,,,,,,,,,,,,,,,,,,
,,,,,,,,,,,,,,,,,,
,,,,,,,,,,,,,,,,,,
,,,,,,,,,,,,,,,,,,
,,,,,,,,,,,,,,,,,,
,,,,,,,,,,,,,,,,,,
,,,,,,,,,,,,,,,,,,
,,,,,,,,,,,,,,,,,,
,,,,,,,,,,,,,,,,,,
,,,,,,,,,,,,,,,,,,
,,,,,,,,,,,,,,,,,,
,,,,,,,,,,,,,,,,,,
,,,,,,,,,,,,,,,,,,
,,,,,,,,,,,,,,,,,,
,,,,,,,,,,,,,,,,,,
,,,,,,,,,,,,,,,,,,
,,,,,,,,,,,,,,,,,,
,,,,,,,,,,,,,,,,,,
,,,,,,,,,,,,,,,,,,
,,,,,,,,,,,,,,,,,,
,,,,,,,,,,,,,,,,,,
,,,,,,,,,,,,,,,,,,
,,,,,,,,,,,,,,,,,,
,,,,,,,,,,,,,,,,,,
,,,,,,,,,,,,,,,,,,
,,,,,,,,,,,,,,,,,,
,,,,,,,,,,,,,,,,,,
,,,,,,,,,,,,,,,,,,
,,,,,,,,,,,,,,,,,,
,,,,,,,,,,,,,,,,,,
,,,,,,,,,,,,,,,,,,
,,,,,,,,,,,,,,,,,,
,,,,,,,,,,,,,,,,,,
,,,,,,,,,,,,,,,,,,
,,,,,,,,,,,,,,,,,,
,,,,,,,,,,,,,,,,,,
,,,,,,,,,,,,,,,,,,
,,,,,,,,,,,,,,,,,,
,,,,,,,,,,,,,,,,,,
,,,,,,,,,,,,,,,,,,
,,,,,,,,,,,,,,,,,,
,,,,,,,,,,,,,,,,,,
,,,,,,,,,,,,,,,,,,
,,,,,,,,,,,,,,,,,,
,,,,,,,,,,,,,,,,,,
,,,,,,,,,,,,,,,,,,
,,,,,,,,,,,,,,,,,,
,,,,,,,,,,,,,,,,,,
,,,,,,,,,,,,,,,,,,
,,,,,,,,,,,,,,,,,,
,,,,,,,,,,,,,,,,,,
,,,,,,,,,,,,,,,,,,
,,,,,,,,,,,,,,,,,,
,,,,,,,,,,,,,,,,,,
,,,,,,,,,,,,,,,,,,
,,,,,,,,,,,,,,,,,,
,,,,,,,,,,,,,,,,,,
,,,,,,,,,,,,,,,,,,
,,,,,,,,,,,,,,,,,,
,,,,,,,,,,,,,,,,,,
,,,,,,,,,,,,,,,,,,
,,,,,,,,,,,,,,,,,,
,,,,,,,,,,,,,,,,,,
,,,,,,,,,,,,,,,,,,
,,,,,,,,,,,,,,,,,,
,,,,,,,,,,,,,,,,,,
,,,,,,,,,,,,,,,,,,
,,,,,,,,,,,,,,,,,,
,,,,,,,,,,,,,,,,,,
,,,,,,,,,,,,,,,,,,
,,,,,,,,,,,,,,,,,,
,,,,,,,,,,,,,,,,,,
,,,,,,,,,,,,,,,,,,
,,,,,,,,,,,,,,,,,,
,,,,,,,,,,,,,,,,,,
,,,,,,,,,,,,,,,,,,
,,,,,,,,,,,,,,,,,,
,,,,,,,,,,,,,,,,,,
,,,,,,,,,,,,,,,,,,
,,,,,,,,,,,,,,,,,,
,,,,,,,,,,,,,,,,,,
,,,,,,,,,,,,,,,,,,
,,,,,,,,,,,,,,,,,,
,,,,,,,,,,,,,,,,,,
,,,,,,,,,,,,,,,,,,
,,,,,,,,,,,,,,,,,,
,,,,,,,,,,,,,,,,,,
,,,,,,,,,,,,,,,,,,
,,,,,,,,,,,,,,,,,,
,,,,,,,,,,,,,,,,,,
,,,,,,,,,,,,,,,,,,
,,,,,,,,,,,,,,,,,,
,,,,,,,,,,,,,,,,,,
,,,,,,,,,,,,,,,,,,
,,,,,,,,,,,,,,,,,,
,,,,,,,,,,,,,,,,,,
,,,,,,,,,,,,,,,,,,
,,,,,,,,,,,,,,,,,,
,,,,,,,,,,,,,,,,,,
,,,,,,,,,,,,,,,,,,
,,,,,,,,,,,,,,,,,,
,,,,,,,,,,,,,,,,,,
,,,,,,,,,,,,,,,,,,
,,,,,,,,,,,,,,,,,,
,,,,,,,,,,,,,,,,,,
,,,,,,,,,,,,,,,,,,
,,,,,,,,,,,,,,,,,,
,,,,,,,,,,,,,,,,,,
,,,,,,,,,,,,,,,,,,
,,,,,,,,,,,,,,,,,,
,,,,,,,,,,,,,,,,,,
,,,,,,,,,,,,,,,,,,
,,,,,,,,,,,,,,,,,,
,,,,,,,,,,,,,,,,,,
,,,,,,,,,,,,,,,,,,
,,,,,,,,,,,,,,,,,,
,,,,,,,,,,,,,,,,,,
,,,,,,,,,,,,,,,,,,
,,,,,,,,,,,,,,,,,,
,,,,,,,,,,,,,,,,,,
,,,,,,,,,,,,,,,,,,
,,,,,,,,,,,,,,,,,,
,,,,,,,,,,,,,,,,,,
,,,,,,,,,,,,,,,,,,
,,,,,,,,,,,,,,,,,,
,,,,,,,,,,,,,,,,,,
,,,,,,,,,,,,,,,,,,
,,,,,,,,,,,,,,,,,,
,,,,,,,,,,,,,,,,,,
,,,,,,,,,,,,,,,,,,
,,,,,,,,,,,,,,,,,,
,,,,,,,,,,,,,,,,,,
,,,,,,,,,,,,,,,,,,
,,,,,,,,,,,,,,,,,,
,,,,,,,,,,,,,,,,,,
,,,,,,,,,,,,,,,,,,
,,,,,,,,,,,,,,,,,,
,,,,,,,,,,,,,,,,,,
,,,,,,,,,,,,,,,,,,
,,,,,,,,,,,,,,,,,,
,,,,,,,,,,,,,,,,,,
,,,,,,,,,,,,,,,,,,
,,,,,,,,,,,,,,,,,,
,,,,,,,,,,,,,,,,,,
,,,,,,,,,,,,,,,,,,
,,,,,,,,,,,,,,,,,,
,,,,,,,,,,,,,,,,,,
,,,,,,,,,,,,,,,,,,
,,,,,,,,,,,,,,,,,,
,,,,,,,,,,,,,,,,,,
,,,,,,,,,,,,,,,,,,
,,,,,,,,,,,,,,,,,,
,,,,,,,,,,,,,,,,,,
,,,,,,,,,,,,,,,,,,
,,,,,,,,,,,,,,,,,,
,,,,,,,,,,,,,,,,,,
,,,,,,,,,,,,,,,,,,
,,,,,,,,,,,,,,,,,,
,,,,,,,,,,,,,,,,,,
,,,,,,,,,,,,,,,,,,
,,,,,,,,,,,,,,,,,,
,,,,,,,,,,,,,,,,,,
,,,,,,,,,,,,,,,,,,
,,,,,,,,,,,,,,,,,,
,,,,,,,,,,,,,,,,,,
,,,,,,,,,,,,,,,,,,
,,,,,,,,,,,,,,,,,,
,,,,,,,,,,,,,,,,,,
,,,,,,,,,,,,,,,,,,
,,,,,,,,,,,,,,,,,,
,,,,,,,,,,,,,,,,,,
,,,,,,,,,,,,,,,,,,
,,,,,,,,,,,,,,,,,,
,,,,,,,,,,,,,,,,,,
,,,,,,,,,,,,,,,,,,
,,,,,,,,,,,,,,,,,,
,,,,,,,,,,,,,,,,,,
,,,,,,,,,,,,,,,,,,
,,,,,,,,,,,,,,,,,,
,,,,,,,,,,,,,,,,,,
,,,,,,,,,,,,,,,,,,
,,,,,,,,,,,,,,,,,,
,,,,,,,,,,,,,,,,,,
,,,,,,,,,,,,,,,,,,
,,,,,,,,,,,,,,,,,,
,,,,,,,,,,,,,,,,,,
,,,,,,,,,,,,,,,,,,
,,,,,,,,,,,,,,,,,,
,,,,,,,,,,,,,,,,,,
,,,,,,,,,,,,,,,,,,
,,,,,,,,,,,,,,,,,,
,,,,,,,,,,,,,,,,,,
,,,,,,,,,,,,,,,,,,
,,,,,,,,,,,,,,,,,,
,,,,,,,,,,,,,,,,,,
,,,,,,,,,,,,,,,,,,
,,,,,,,,,,,,,,,,,,
,,,,,,,,,,,,,,,,,,
,,,,,,,,,,,,,,,,,,
,,,,,,,,,,,,,,,,,,
,,,,,,,,,,,,,,,,,,
,,,,,,,,,,,,,,,,,,
,,,,,,,,,,,,,,,,,,
,,,,,,,,,,,,,,,,,,
,,,,,,,,,,,,,,,,,,
,,,,,,,,,,,,,,,,,,
,,,,,,,,,,,,,,,,,,
,,,,,,,,,,,,,,,,,,
,,,,,,,,,,,,,,,,,,
,,,,,,,,,,,,,,,,,,
,,,,,,,,,,,,,,,,,,
,,,,,,,,,,,,,,,,,,
,,,,,,,,,,,,,,,,,,
,,,,,,,,,,,,,,,,,,
,,,,,,,,,,,,,,,,,,
,,,,,,,,,,,,,,,,,,
,,,,,,,,,,,,,,,,,,
,,,,,,,,,,,,,,,,,,
,,,,,,,,,,,,,,,,,,
,,,,,,,,,,,,,,,,,,
,,,,,,,,,,,,,,,,,,
,,,,,,,,,,,,,,,,,,
,,,,,,,,,,,,,,,,,,
,,,,,,,,,,,,,,,,,,
,,,,,,,,,,,,,,,,,,
,,,,,,,,,,,,,,,,,,
,,,,,,,,,,,,,,,,,,
,,,,,,,,,,,,,,,,,,
,,,,,,,,,,,,,,,,,,
,,,,,,,,,,,,,,,,,,
,,,,,,,,,,,,,,,,,,
,,,,,,,,,,,,,,,,,,
,,,,,,,,,,,,,,,,,,
,,,,,,,,,,,,,,,,,,
,,,,,,,,,,,,,,,,,,
,,,,,,,,,,,,,,,,,,
,,,,,,,,,,,,,,,,,,
,,,,,,,,,,,,,,,,,,
,,,,,,,,,,,,,,,,,,
,,,,,,,,,,,,,,,,,,
,,,,,,,,,,,,,,,,,,
,,,,,,,,,,,,,,,,,,
,,,,,,,,,,,,,,,,,,
,,,,,,,,,,,,,,,,,,
,,,,,,,,,,,,,,,,,,
,,,,,,,,,,,,,,,,,,
,,,,,,,,,,,,,,,,,,
,,,,,,,,,,,,,,,,,,
,,,,,,,,,,,,,,,,,,
,,,,,,,,,,,,,,,,,,
,,,,,,,,,,,,,,,,,,
,,,,,,,,,,,,,,,,,,
,,,,,,,,,,,,,,,,,,
,,,,,,,,,,,,,,,,,,
,,,,,,,,,,,,,,,,,,
,,,,,,,,,,,,,,,,,,
,,,,,,,,,,,,,,,,,,
,,,,,,,,,,,,,,,,,,
,,,,,,,,,,,,,,,,,,
,,,,,,,,,,,,,,,,,,
,,,,,,,,,,,,,,,,,,
,,,,,,,,,,,,,,,,,,
,,,,,,,,,,,,,,,,,,
,,,,,,,,,,,,,,,,,,
,,,,,,,,,,,,,,,,,,
,,,,,,,,,,,,,,,,,,
,,,,,,,,,,,,,,,,,,
,,,,,,,,,,,,,,,,,,
,,,,,,,,,,,,,,,,,,
,,,,,,,,,,,,,,,,,,
,,,,,,,,,,,,,,,,,,
,,,,,,,,,,,,,,,,,,
,,,,,,,,,,,,,,,,,,
,,,,,,,,,,,,,,,,,,
,,,,,,,,,,,,,,,,,,
,,,,,,,,,,,,,,,,,,
,,,,,,,,,,,,,,,,,,
,,,,,,,,,,,,,,,,,,
,,,,,,,,,,,,,,,,,,
,,,,,,,,,,,,,,,,,,
,,,,,,,,,,,,,,,,,,
,,,,,,,,,,,,,,,,,,
,,,,,,,,,,,,,,,,,,
,,,,,,,,,,,,,,,,,,
,,,,,,,,,,,,,,,,,,
,,,,,,,,,,,,,,,,,,
,,,,,,,,,,,,,,,,,,
,,,,,,,,,,,,,,,,,,
,,,,,,,,,,,,,,,,,,
,,,,,,,,,,,,,,,,,,
,,,,,,,,,,,,,,,,,,
,,,,,,,,,,,,,,,,,,
,,,,,,,,,,,,,,,,,,
,,,,,,,,,,,,,,,,,,
,,,,,,,,,,,,,,,,,,
,,,,,,,,,,,,,,,,,,
,,,,,,,,,,,,,,,,,,
,,,,,,,,,,,,,,,,,,
,,,,,,,,,,,,,,,,,,
,,,,,,,,,,,,,,,,,,
,,,,,,,,,,,,,,,,,,
,,,,,,,,,,,,,,,,,,
,,,,,,,,,,,,,,,,,,
,,,,,,,,,,,,,,,,,,
,,,,,,,,,,,,,,,,,,
,,,,,,,,,,,,,,,,,,
,,,,,,,,,,,,,,,,,,
,,,,,,,,,,,,,,,,,,
,,,,,,,,,,,,,,,,,,
,,,,,,,,,,,,,,,,,,
,,,,,,,,,,,,,,,,,,
,,,,,,,,,,,,,,,,,,
,,,,,,,,,,,,,,,,,,
,,,,,,,,,,,,,,,,,,
,,,,,,,,,,,,,,,,,,
,,,,,,,,,,,,,,,,,,
,,,,,,,,,,,,,,,,,,
,,,,,,,,,,,,,,,,,,
,,,,,,,,,,,,,,,,,,
,,,,,,,,,,,,,,,,,,
,,,,,,,,,,,,,,,,,,
,,,,,,,,,,,,,,,,,,
,,,,,,,,,,,,,,,,,,
,,,,,,,,,,,,,,,,,,
,,,,,,,,,,,,,,,,,,
,,,,,,,,,,,,,,,,,,
,,,,,,,,,,,,,,,,,,
,,,,,,,,,,,,,,,,,,
,,,,,,,,,,,,,,,,,,
,,,,,,,,,,,,,,,,,,
,,,,,,,,,,,,,,,,,,
,,,,,,,,,,,,,,,,,,
,,,,,,,,,,,,,,,,,,
,,,,,,,,,,,,,,,,,,
,,,,,,,,,,,,,,,,,,
,,,,,,,,,,,,,,,,,,
,,,,,,,,,,,,,,,,,,
,,,,,,,,,,,,,,,,,,
,,,,,,,,,,,,,,,,,,
,,,,,,,,,,,,,,,,,,
,,,,,,,,,,,,,,,,,,
,,,,,,,,,,,,,,,,,,
,,,,,,,,,,,,,,,,,,
,,,,,,,,,,,,,,,,,,
,,,,,,,,,,,,,,,,,,
,,,,,,,,,,,,,,,,,,
,,,,,,,,,,,,,,,,,,
,,,,,,,,,,,,,,,,,,
,,,,,,,,,,,,,,,,,,
,,,,,,,,,,,,,,,,,,
,,,,,,,,,,,,,,,,,,
,,,,,,,,,,,,,,,,,,
,,,,,,,,,,,,,,,,,,
,,,,,,,,,,,,,,,,,,
,,,,,,,,,,,,,,,,,,
,,,,,,,,,,,,,,,,,,
,,,,,,,,,,,,,,,,,,
,,,,,,,,,,,,,,,,,,
,,,,,,,,,,,,,,,,,,
,,,,,,,,,,,,,,,,,,
,,,,,,,,,,,,,,,,,,
,,,,,,,,,,,,,,,,,,
,,,,,,,,,,,,,,,,,,
,,,,,,,,,,,,,,,,,,
,,,,,,,,,,,,,,,,,,
,,,,,,,,,,,,,,,,,,
,,,,,,,,,,,,,,,,,,
,,,,,,,,,,,,,,,,,,
,,,,,,,,,,,,,,,,,,
,,,,,,,,,,,,,,,,,,
,,,,,,,,,,,,,,,,,,
,,,,,,,,,,,,,,,,,,
,,,,,,,,,,,,,,,,,,
,,,,,,,,,,,,,,,,,,
,,,,,,,,,,,,,,,,,,
,,,,,,,,,,,,,,,,,,
,,,,,,,,,,,,,,,,,,
,,,,,,,,,,,,,,,,,,
,,,,,,,,,,,,,,,,,,
,,,,,,,,,,,,,,,,,,
,,,,,,,,,,,,,,,,,,
,,,,,,,,,,,,,,,,,,
,,,,,,,,,,,,,,,,,,
,,,,,,,,,,,,,,,,,,
,,,,,,,,,,,,,,,,,,
,,,,,,,,,,,,,,,,,,
,,,,,,,,,,,,,,,,,,
,,,,,,,,,,,,,,,,,,
,,,,,,,,,,,,,,,,,,
,,,,,,,,,,,,,,,,,,
,,,,,,,,,,,,,,,,,,
,,,,,,,,,,,,,,,,,,
,,,,,,,,,,,,,,,,,,
,,,,,,,,,,,,,,,,,,
,,,,,,,,,,,,,,,,,,
,,,,,,,,,,,,,,,,,,
,,,,,,,,,,,,,,,,,,
,,,,,,,,,,,,,,,,,,
,,,,,,,,,,,,,,,,,,
,,,,,,,,,,,,,,,,,,
,,,,,,,,,,,,,,,,,,
,,,,,,,,,,,,,,,,,,
,,,,,,,,,,,,,,,,,,
,,,,,,,,,,,,,,,,,,
,,,,,,,,,,,,,,,,,,
,,,,,,,,,,,,,,,,,,
,,,,,,,,,,,,,,,,,,
,,,,,,,,,,,,,,,,,,
,,,,,,,,,,,,,,,,,,
,,,,,,,,,,,,,,,,,,
,,,,,,,,,,,,,,,,,,
,,,,,,,,,,,,,,,,,,
,,,,,,,,,,,,,,,,,,
,,,,,,,,,,,,,,,,,,
,,,,,,,,,,,,,,,,,,
,,,,,,,,,,,,,,,,,,
,,,,,,,,,,,,,,,,,,
,,,,,,,,,,,,,,,,,,
,,,,,,,,,,,,,,,,,,
,,,,,,,,,,,,,,,,,,
,,,,,,,,,,,,,,,,,,
,,,,,,,,,,,,,,,,,,
,,,,,,,,,,,,,,,,,,
,,,,,,,,,,,,,,,,,,
,,,,,,,,,,,,,,,,,,
,,,,,,,,,,,,,,,,,,
,,,,,,,,,,,,,,,,,,
,,,,,,,,,,,,,,,,,,
,,,,,,,,,,,,,,,,,,
,,,,,,,,,,,,,,,,,,
,,,,,,,,,,,,,,,,,,
,,,,,,,,,,,,,,,,,,
,,,,,,,,,,,,,,,,,,
,,,,,,,,,,,,,,,,,,
,,,,,,,,,,,,,,,,,,
,,,,,,,,,,,,,,,,,,
,,,,,,,,,,,,,,,,,,
,,,,,,,,,,,,,,,,,,
,,,,,,,,,,,,,,,,,,
,,,,,,,,,,,,,,,,,,
,,,,,,,,,,,,,,,,,,
,,,,,,,,,,,,,,,,,,
,,,,,,,,,,,,,,,,,,
,,,,,,,,,,,,,,,,,,
,,,,,,,,,,,,,,,,,,
,,,,,,,,,,,,,,,,,,
,,,,,,,,,,,,,,,,,,
,,,,,,,,,,,,,,,,,,
,,,,,,,,,,,,,,,,,,
,,,,,,,,,,,,,,,,,,
,,,,,,,,,,,,,,,,,,
,,,,,,,,,,,,,,,,,,
,,,,,,,,,,,,,,,,,,
,,,,,,,,,,,,,,,,,,
,,,,,,,,,,,,,,,,,,
,,,,,,,,,,,,,,,,,,
,,,,,,,,,,,,,,,,,,
,,,,,,,,,,,,,,,,,,
,,,,,,,,,,,,,,,,,,
,,,,,,,,,,,,,,,,,,
,,,,,,,,,,,,,,,,,,
,,,,,,,,,,,,,,,,,,
,,,,,,,,,,,,,,,,,,
,,,,,,,,,,,,,,,,,,
,,,,,,,,,,,,,,,,,,
,,,,,,,,,,,,,,,,,,
,,,,,,,,,,,,,,,,,,
,,,,,,,,,,,,,,,,,,
,,,,,,,,,,,,,,,,,,
,,,,,,,,,,,,,,,,,,
,,,,,,,,,,,,,,,,,,
,,,,,,,,,,,,,,,,,,
,,,,,,,,,,,,,,,,,,
,,,,,,,,,,,,,,,,,,
,,,,,,,,,,,,,,,,,,
,,,,,,,,,,,,,,,,,,
,,,,,,,,,,,,,,,,,,
,,,,,,,,,,,,,,,,,,
,,,,,,,,,,,,,,,,,,
,,,,,,,,,,,,,,,,,,
,,,,,,,,,,,,,,,,,,
,,,,,,,,,,,,,,,,,,
,,,,,,,,,,,,,,,,,,
,,,,,,,,,,,,,,,,,,
,,,,,,,,,,,,,,,,,,
